nomBoutton,file,step0,step1,step2,step3,step4,step5,step6,step7,step8,step9
Demarrer la visite,2.txt,3,,,,,,,,,
Fonctionnement,3.txt,4,,,,,,,,,
Le Campus,4.txt,5,230,,,,,,,,
Les Ecoles,5.txt,6,44,82,120,176,222,226,,,
WIS,6.txt,7,30,35,36,37,40,41,,,
Les Formations,7.txt,8,21,30,,,,,,,
Le Bachelor,8.txt,9,13,17,,,,,,,
1�re Ann�e,9.txt,10,11,12,,,,,,,
Modules enseign�s,10.txt,,,,,,,,,,
Candidater,11.txt,,,,,,,,,,
Plus d�Infos,12.txt,,,,,,,,,,
2�me Ann�e,13.txt,14,15,16,,,,,,,
Modules enseign�s,14.txt,,,,,,,,,,
Candidater,15.txt,,,,,,,,,,
Plus d�Infos,16.txt,,,,,,,,,,
3�me Ann�e,17.txt,18,19,20,,,,,,,
Modules enseign�s,18.txt,,,,,,,,,,
Candidater,19.txt,,,,,,,,,,
Plus d�Infos,20.txt,,,,,,,,,,
Expertise Digital Business,21.txt,22,26,,,,,,,,
4�me Ann�e,22.txt,23,24,25,,,,,,,
Modules enseign�s,23.txt,,,,,,,,,,
Candidater,24.txt,,,,,,,,,,
Plus d�Infos,25.txt,,,,,,,,,,
5�me Ann�e,26.txt,27,28,29,,,,,,,
Modules enseign�s,27.txt,,,,,,,,,,
Candidater,28.txt,,,,,,,,,,
Plus d�Infos,29.txt,,,,,,,,,,
Les Mati�res,30.txt,31,32,33,34,,,,,,
Webmarketing,31.txt,,,,,,,,,,
Communication Digitale,32.txt,,,,,,,,,,
Developpement Web,33.txt,,,,,,,,,,
Web Design,34.txt,,,,,,,,,,
Diplomes,35.txt,,,,,,,,,,
Futures M�tiers,36.txt,,,,,,,,,,
Wis & Entreprise,37.txt,,,,,,,,,,
Stage,38.txt,,,,,,,,,,
Alternance,39.txt,,,,,,,,,,
MyDil,40.txt,,,,,,,,,,
Admission,41.txt,42,43,,,,,,,,
Tarifs,42.txt,,,,,,,,,,
Services,43.txt,,,,,,,,,,
EPSI,44.txt,45,68,73,74,75,78,79,,,
Les Formations,45.txt,46,59,,,,,,,,
Le Bachelor,46.txt,47,51,55,,,,,,,
1�re Ann�e,47.txt,48,49,50,,,,,,,
Modules enseign�s,48.txt,,,,,,,,,,
Candidater,49.txt,,,,,,,,,,
Plus d�Infos,50.txt,,,,,,,,,,
2�me Ann�e,51.txt,52,53,54,,,,,,,
Modules enseign�s,52.txt,,,,,,,,,,
Candidater,53.txt,,,,,,,,,,
Plus d�Infos,54.txt,,,,,,,,,,
3�me Ann�e,55.txt,56,57,58,,,,,,,
Modules enseign�s,56.txt,,,,,,,,,,
Candidater,57.txt,,,,,,,,,,
Plus d�Infos,58.txt,,,,,,,,,,
Ingenierie Informatique,59.txt,60,64,,,,,,,,
4�me Ann�e,60.txt,61,62,63,,,,,,,
Modules enseign�s,61.txt,,,,,,,,,,
Candidater,62.txt,,,,,,,,,,
Plus d�Infos,63.txt,,,,,,,,,,
5�me Ann�e,64.txt,65,66,67,,,,,,,
Modules enseign�s,65.txt,,,,,,,,,,
Candidater,66.txt,,,,,,,,,,
Plus d�Infos,67.txt,,,,,,,,,,
Les Mati�res,68.txt,69,70,71,72,,,,,,
Developpement Applications Informatique,69.txt,,,,,,,,,,
Administration Infra Syst�mes & R�seaux,70.txt,,,,,,,,,,
Gestion des Donn�es,71.txt,,,,,,,,,,
Communication,72.txt,,,,,,,,,,
Diplomes,73.txt,,,,,,,,,,
Futures M�tiers,74.txt,,,,,,,,,,
EPSI & Entreprise,75.txt,76,77,,,,,,,,
Stage,76.txt,,,,,,,,,,
Alternance,77.txt,,,,,,,,,,
MyDil,78.txt,,,,,,,,,,
Admission,79.txt,80,81,,,,,,,,
Tarifs,80.txt,,,,,,,,,,
Services,81.txt,,,,,,,,,,
IFAG,82.txt,83,106,111,112,113,116,117,,,
Les Formations,83.txt,84,97,,,,,,,,
Le Bachelor,84.txt,85,89,93,,,,,,,
1�re Ann�e,85.txt,86,87,88,,,,,,,
Modules enseign�s,86.txt,,,,,,,,,,
Candidater,87.txt,,,,,,,,,,
Plus d�Infos,88.txt,,,,,,,,,,
2�me Ann�e,89.txt,90,91,92,,,,,,,
Modules enseign�s,90.txt,,,,,,,,,,
Candidater,91.txt,,,,,,,,,,
Plus d�Infos,92.txt,,,,,,,,,,
3�me Ann�e,93.txt,94,95,96,,,,,,,
Modules enseign�s,94.txt,,,,,,,,,,
Candidater,95.txt,,,,,,,,,,
Plus d�Infos,96.txt,,,,,,,,,,
Master Manager Entreprise,97.txt,98,102,,,,,,,,
4�me Ann�e,98.txt,99,100,101,,,,,,,
Modules enseign�s,99.txt,,,,,,,,,,
Candidater,100.txt,,,,,,,,,,
Plus d�Infos,101.txt,,,,,,,,,,
5�me Ann�e,102.txt,103,104,105,,,,,,,
Modules enseign�s,103.txt,,,,,,,,,,
Candidater,104.txt,,,,,,,,,,
Plus d�Infos,105.txt,,,,,,,,,,
Les Mati�res,106.txt,107,108,109,110,,,,,,
Gestion de Projets,107.txt,,,,,,,,,,
Etude Marketing,108.txt,,,,,,,,,,
Creation d�Entrprise,109.txt,,,,,,,,,,
Management,110.txt,,,,,,,,,,
Diplomes,111.txt,,,,,,,,,,
Futures M�tiers,112.txt,,,,,,,,,,
IFAG & Entreprise,113.txt,114,115,,,,,,,,
Stage,114.txt,,,,,,,,,,
Alternance,115.txt,,,,,,,,,,
MyDil,116.txt,,,,,,,,,,
Admission,117.txt,118,119,,,,,,,,
Tarifs,118.txt,,,,,,,,,,
Services,119.txt,,,,,,,,,,
IDRAC,120.txt,121,162,167,168,169,170,173,,,
Les Formations,121.txt,122,135,144,153,,,,,,
Le Bachelor,122.txt,123,127,131,,,,,,,
1�re Ann�e,123.txt,124,125,126,,,,,,,
Modules enseign�s,124.txt,,,,,,,,,,
Candidater,125.txt,,,,,,,,,,
Plus d�Infos,126.txt,,,,,,,,,,
2�me Ann�e,127.txt,128,129,130,,,,,,,
Modules enseign�s,128.txt,,,,,,,,,,
Candidater,129.txt,,,,,,,,,,
Plus d�Infos,130.txt,,,,,,,,,,
3�me Ann�e,131.txt,132,133,134,,,,,,,
Modules enseign�s,132.txt,,,,,,,,,,
Candidater,133.txt,,,,,,,,,,
Plus d�Infos,134.txt,,,,,,,,,,
Master Strategy & Business Innovation,135.txt,136,140,,,,,,,,
4�me Ann�e,136.txt,137,138,139,,,,,,,
Modules enseign�s,137.txt,,,,,,,,,,
Candidater,138.txt,,,,,,,,,,
Plus d�Infos,139.txt,,,,,,,,,,
5�me Ann�e,140.txt,141,142,143,,,,,,,
Modules enseign�s,141.txt,,,,,,,,,,
Candidater,142.txt,,,,,,,,,,
Plus d�Infos,143.txt,,,,,,,,,,
BTS MUC,144.txt,145,149,,,,,,,,
1�re Ann�e,145.txt,146,147,148,,,,,,,
Modules enseign�s,146.txt,,,,,,,,,,
Candidater,147.txt,,,,,,,,,,
Plus d�Infos,148.txt,,,,,,,,,,
2�me Ann�e,149.txt,150,151,152,,,,,,,
Modules enseign�s,150.txt,,,,,,,,,,
Candidater,151.txt,,,,,,,,,,
Plus d�Infos,152.txt,,,,,,,,,,
BTS NRC,153.txt,154,158,,,,,,,,
1�re Ann�e,154.txt,155,156,157,,,,,,,
Modules enseign�s,155.txt,,,,,,,,,,
Candidater,156.txt,,,,,,,,,,
Plus d�Infos,157.txt,,,,,,,,,,
2�me Ann�e,158.txt,159,160,161,,,,,,,
Modules enseign�s,159.txt,,,,,,,,,,
Candidater,160.txt,,,,,,,,,,
Plus d�Infos,161.txt,,,,,,,,,,
Les Mati�res,162.txt,163,164,165,166,,,,,,
Marketing Commerce & Communication,163.txt,,,,,,,,,,
Compta Gestion,164.txt,,,,,,,,,,
Management,165.txt,,,,,,,,,,
Starategie Eco Droit,166.txt,,,,,,,,,,
Diplomes,167.txt,,,,,,,,,,
Futures M�tiers,168.txt,,,,,,,,,,
Accelerateur IDRAC,169.txt,,,,,,,,,,
IDRAC & Entreprise,170.txt,171,172,,,,,,,,
Stage,171.txt,,,,,,,,,,
alternance,172.txt,,,,,,,,,,
Admission,173.txt,174,175,,,,,,,,
Tarifs,174.txt,,,,,,,,,,
Services,175.txt,,,,,,,,,,
SUP�de COM,176.txt,177,209,214,215,216,219,,,,
Les Formations,177.txt,178,191,200,,,,,,,
Le Bachelor,178.txt,179,183,187,,,,,,,
1�re Ann�e,179.txt,180,181,182,,,,,,,
Modules enseign�s,180.txt,,,,,,,,,,
Candidater,181.txt,,,,,,,,,,
Plus d�Infos,182.txt,,,,,,,,,,
2�me Ann�e,183.txt,184,185,186,,,,,,,
Modules enseign�s,184.txt,,,,,,,,,,
Candidater,185.txt,,,,,,,,,,
Plus d�Infos,186.txt,,,,,,,,,,
3�me Ann�e,187.txt,188,189,190,,,,,,,
Modules enseign�s,188.txt,,,,,,,,,,
Candidater,189.txt,,,,,,,,,,
Plus d�Infos,190.txt,,,,,,,,,,
Master Manager de Communication Globale,191.txt,192,196,,,,,,,,
4�me Ann�e,192.txt,193,194,195,,,,,,,
Modules enseign�s,193.txt,,,,,,,,,,
Candidater,194.txt,,,,,,,,,,
Plus d�Infos,195.txt,,,,,,,,,,
5�me Ann�e,196.txt,197,198,199,,,,,,,
Modules enseign�s,197.txt,,,,,,,,,,
Candidater,198.txt,,,,,,,,,,
Plus d�Infos,199.txt,,,,,,,,,,
BTS COM,200.txt,201,205,,,,,,,,
1�re Ann�e,201.txt,202,203,204,,,,,,,
Modules enseign�s,202.txt,,,,,,,,,,
Candidater,203.txt,,,,,,,,,,
Plus d�Infos,204.txt,,,,,,,,,,
2�me Ann�e,205.txt,206,207,208,,,,,,,
Modules enseign�s,206.txt,,,,,,,,,,
Candidater,207.txt,,,,,,,,,,
Plus d�Infos,208.txt,,,,,,,,,,
Les Mati�res,209.txt,210,211,212,213,,,,,,
Marketing,210.txt,,,,,,,,,,
Communication Digitale,211.txt,,,,,,,,,,
Management & Gestion,212.txt,,,,,,,,,,
Developpement Personnel,213.txt,,,,,,,,,,
Diplomes,214.txt,,,,,,,,,,
Futures M�tiers,215.txt,,,,,,,,,,
SUP�de COM & Entreprise,216.txt,217,218,,,,,,,,
Stage,217.txt,,,,,,,,,,
alternance,218.txt,,,,,,,,,,
Admission,219.txt,220,221,,,,,,,,
Tarifs,220.txt,,,,,,,,,,
Services,221.txt,,,,,,,,,,
Incubateur,222.txt,223,224,225,,,,,,,
MyDil,223.txt,,,,,,,,,,
ifagtory,224.txt,,,,,,,,,,
Accelerateur IDRAC,225.txt,,,,,,,,,,
Espace de Vie,226.txt,227,228,229,,,,,,,
Installation du Campus,227.txt,,,,,,,,,,
Alentours,228.txt,,,,,,,,,,
Plan d�Acces,229.txt,,,,,,,,,,
Presentation du Campus,230.txt,,,,,,,,,,